Provincia,Cantón,Distrito,Densidad poblacional,Población total
San José,San José,Carmen,1851.677852,2759
San José,San José,Merced,7183.636364,15804
San José,San José,Hospital,7716.566265,25619
San José,San José,Catedral,6056.962025,14355
San José,San José,Zapote,6882.517483,19684
San José,San José,San Francisco de Dos Ríos,8212.878788,21682
San José,San José,Uruca,5581.525626,46829
San José,San José,Mata Redonda,3139.617486,11491
San José,San José,Pavas,8938.28877,83573
San José,San José,Hatillo,13813.04348,60363
San José,San José,San Sebastián,12650.37783,50222
San José,Escazú,Escazú,2779.249448,12590
San José,Escazú,San Antonio,1565.389151,26549
San José,Escazú,San Rafael,2481.671779,32361
San José,Desamparados,Desamparados,9573.192771,31783
San José,Desamparados,San Miguel,1789.784442,38194
San José,Desamparados,San Juan de Dios,6871.22807,19583
San José,Desamparados,San Rafael Arriba,7432.817337,24008
San José,Desamparados,San Antonio,4521.73913,9360
San José,Desamparados,Frailes,209.1047813,4111
San José,Desamparados,Patarrá,803.2745592,12756
San José,Desamparados,San Cristóbal,190.0479616,4755
San José,Desamparados,Rosario,233.3333333,3465
San José,Desamparados,Damas,5084.90566,13475
San José,Desamparados,San Rafael Abajo,10598.0198,21408
San José,Desamparados,Gravilias,5328.571429,15666
San José,Desamparados,Los Guido,8059.477124,24662
San José,Puriscal,Santiago,353.0996524,12189
San José,Puriscal,Mercedes Sur,38.81828685,7056
San José,Puriscal,Barbacoas,274.1138561,5104
San José,Puriscal,Grifo Alto,59.46969697,1570
San José,Puriscal,San Rafael,139.0967742,2156
San José,Puriscal,Candelarita,60.34418257,1613
San José,Puriscal,Desamparaditos,125.6232687,907
San José,Puriscal,San Antonio,335.7045144,4908
San José,Puriscal,Chires,13.15858225,3022
San José,Tarrazú,San Marcos,231.9426336,10674
San José,Tarrazú,San Lorenzo,25.74480648,4796
San José,Tarrazú,San Carlos,39.68792402,2340
San José,Aserrí,Aserrí,1907.732634,29112
San José,Aserrí,Tarbaca,120.4693611,1848
San José,Aserrí,Vuelta de Jorco,333.2426304,7348
San José,Aserrí,San Gabriel,537.254902,6302
San José,Aserrí,Legua,19.06226926,1549
San José,Aserrí,Monterrey,61.352657,508
San José,Aserrí,Salitrillos,901.0460251,12921
San José,Mora,Colón,433.0408624,17274
San José,Mora,Guayabo,587.3473918,5292
San José,Mora,Tabarcia,118.5505813,4793
San José,Mora,Piedras Negras,44.08602151,656
San José,Mora,Picagres,40.90574374,1111
San José,Mora,Jaris,265.0273224,1456
San José,Mora,Quitirrisí,66.34109692,1766
San José,Goicoechea,Guadalupe,8750.209205,20913
San José,Goicoechea,San Francisco,4101.724138,2379
San José,Goicoechea,Calle Blancos,7158.474576,16894
San José,Goicoechea,Mata de Plátano,2883.311938,22461
San José,Goicoechea,Ipís,12704.8,31762
San José,Goicoechea,Rancho Redondo,254.204893,3325
San José,Goicoechea,Purral,11456.66667,34370
San José,Santa Ana,Santa Ana,2423.897059,13186
San José,Santa Ana,Salitral,227.9940858,4626
San José,Santa Ana,Pozos,1312.059925,17516
San José,Santa Ana,Uruca,1340.398293,9423
San José,Santa Ana,Piedades,778.2104391,9393
San José,Santa Ana,Brasil,1196.296296,3876
San José,Alajuelita,Alajuelita,9929.92126,12611
San José,Alajuelita,San Josecito,4187.763713,9925
San José,Alajuelita,San Antonio,502.8237585,5164
San José,Alajuelita,Concepción,7106.584362,17269
San José,Alajuelita,San Felipe,7025.925926,36043
San José,Vásquez de Coronado,San Isidro,3561.434109,18377
San José,Vásquez de Coronado,San Rafael,473.3885275,8005
San José,Vásquez de Coronado,Dulce Nombre de Jesús,164.7968198,11193
San José,Vásquez de Coronado,Patalillo,11021.35417,21161
San José,Vásquez de Coronado,Cascajal,63.18739585,8342
San José,Acosta,San Ignacio,453.7379068,10318
San José,Acosta,Guaitil,62.94612412,2769
San José,Acosta,Palmichal,172.1734036,5878
San José,Acosta,Cangrejal,29.14658791,1875
San José,Acosta,Sabanillas,9.596301308,1702
San José,Tibás,San Juan,7401.139601,25978
San José,Tibás,Cinco Esquinas,8503.076923,5527
San José,Tibás,Anselmo Llorente,7623.913043,10521
San José,Tibás,León XIII,23915.27778,17219
San José,Tibás,Colima,7635.323383,15347
San José,Moravia,San Vicente,5443.888889,29397
San José,Moravia,San Jerónimo,432.0734341,8002
San José,Moravia,La Trinidad,4519.795918,22147
San José,Montes de Oca,San Pedro,5015.611814,23774
San José,Montes de Oca,Sabanilla,6543.01676,11712
San José,Montes de Oca,Mercedes,2929.370629,4189
San José,Montes de Oca,San Rafael,1814.194373,14187
San José,Turrubares,San Pablo,60.09087467,1587
San José,Turrubares,San Pedro,20.56122449,806
San José,Turrubares,San Juan de Mata,14.33043478,1236
San José,Turrubares,San Luis,9.055656934,397
San José,Turrubares,Carara,9.734754024,2147
San José,Dota,Santa María,64.42307692,6030
San José,Dota,Jardín,25.33814247,843
San José,Dota,Copey,8.974312786,2491
San José,Curridabat,Curridabat,4963.311688,30574
San José,Curridabat,Granadilla,4945.584046,17359
San José,Curridabat,Sánchez,1539.24612,6942
San José,Curridabat,Tirrases,8590.957447,16151
San José,Pérez Zeledón,San Isidro de El General,236.2840163,45324
San José,Pérez Zeledón,El General,94.71904266,7282
San José,Pérez Zeledón,Daniel Flores,723.4467687,46344
San José,Pérez Zeledón,Rivas,25.90967742,8032
San José,Pérez Zeledón,San Pedro,52.61013002,10844
San José,Pérez Zeledón,Platanares,84.97281265,6876
San José,Pérez Zeledón,Pejibaye,43.05850687,6079
San José,Pérez Zeledón,Cajón,92.94444913,11026
San José,Pérez Zeledón,Barú,15.2747021,2897
San José,Pérez Zeledón,Río Nuevo,16.27234816,3941
San José,Pérez Zeledón,Páramo,26.00698372,5288
San José,Pérez Zeledón,La Amistad,39.11390746,2984
San José,León Cortés,San Pablo,235.3564547,4886
San José,León Cortés,San Andrés,111.6770186,1798
San José,León Cortés,Llano Bonito,56.62756598,1931
San José,León Cortés,San Isidro,79.65299685,1515
San José,León Cortés,Santa Cruz,103.1221304,2246
San José,León Cortés,San Antonio,116.0749507,1177
Alajuela,Alajuela,Alajuela,4182.280867,44374
Alajuela,Alajuela,San José,3262.273033,48510
Alajuela,Alajuela,Carrizal,510.974106,8288
Alajuela,Alajuela,San Antonio,2826.940639,24764
Alajuela,Alajuela,Guácima,1081.617385,30361
Alajuela,Alajuela,San Isidro,552.3205535,19160
Alajuela,Alajuela,Sabanilla,262.459472,11333
Alajuela,Alajuela,San Rafael,2831.350233,54730
Alajuela,Alajuela,Río Segundo,2346.520147,12812
Alajuela,Alajuela,Desamparados,2299.76834,29782
Alajuela,Alajuela,Turrúcares,266.8152689,9576
Alajuela,Alajuela,Tambor,1140.892729,15847
Alajuela,Alajuela,Garita,274.2182891,9296
Alajuela,Alajuela,Sarapiquí,29.08867212,3310
Alajuela,San Ramón,San Ramón,6035.15625,7725
Alajuela,San Ramón,Santiago,107.1732722,6544
Alajuela,San Ramón,San Juan,2921.09375,14956
Alajuela,San Ramón,Piedades Norte,136.136745,6491
Alajuela,San Ramón,Piedades Sur,36.21032604,4187
Alajuela,San Ramón,San Rafael,336.5265559,10328
Alajuela,San Ramón,San Isidro,646.835443,5621
Alajuela,San Ramón,Ángeles,63.00789071,5350
Alajuela,San Ramón,Alfaro,477.1300448,8512
Alajuela,San Ramón,Volio,180.890179,3739
Alajuela,San Ramón,Concepción,322.5026288,3067
Alajuela,San Ramón,Zapotal,9.548636973,641
Alajuela,San Ramón,Peñas Blancas,46.43435981,11460
Alajuela,San Ramón,San Lorenzo,15.23593883,4643
Alajuela,Grecia,Grecia,1881.638045,14244
Alajuela,Grecia,San Isidro,406.6547831,6844
Alajuela,Grecia,San José,671.4746172,8333
Alajuela,Grecia,San Roque,488.0890538,13154
Alajuela,Grecia,Tacares,406.626506,10125
Alajuela,Grecia,Puente de Piedra,599.652627,13810
Alajuela,Grecia,Bolívar,315.6595192,9716
Alajuela,San Mateo,San Mateo,41.28525196,2679
Alajuela,San Mateo,Desmonte,49.60435213,1003
Alajuela,San Mateo,Jesús María,79.68917471,1487
Alajuela,San Mateo,Labrador,83.8664158,1783
Alajuela,Atenas,Atenas,801.0245902,7818
Alajuela,Atenas,Jesús,241.3583655,4371
Alajuela,Atenas,Mercedes,496.1734694,3890
Alajuela,Atenas,San Isidro,232.2446143,3342
Alajuela,Atenas,Concepción,229.6211775,5031
Alajuela,Atenas,San José,184.4840386,2485
Alajuela,Atenas,Santa Eulalia,180.3571429,2626
Alajuela,Atenas,Escobal,32.11567732,844
Alajuela,Naranjo,Naranjo,975.2522255,16433
Alajuela,Naranjo,San Miguel,349.198204,5444
Alajuela,Naranjo,San José,153.3971292,3206
Alajuela,Naranjo,Cirrí Sur,159.6075989,5125
Alajuela,Naranjo,San Jerónimo,440.1104972,3983
Alajuela,Naranjo,San Juan,482.2377622,3448
Alajuela,Naranjo,El Rosario,240.5247813,4125
Alajuela,Naranjo,Palmitos,593.3171324,4883
Alajuela,Palmares,Palmares,2470.588235,2940
Alajuela,Palmares,Zaragoza,1239.976275,10453
Alajuela,Palmares,Buenos Aires,1174.561404,8034
Alajuela,Palmares,Santiago,389.4604768,3104
Alajuela,Palmares,Candelaria,469.7033898,2217
Alajuela,Palmares,Esquipulas,1446.851852,7813
Alajuela,Palmares,La Granja,1044.874715,4587
Alajuela,Poás,San Pedro,686.4506627,9322
Alajuela,Poás,San Juan,312.1489621,5113
Alajuela,Poás,San Rafael,523.3427362,7421
Alajuela,Poás,Carrillos,1026.554788,10399
Alajuela,Poás,Sabana Redonda,195.546759,3952
Alajuela,Orotina,Orotina,504.6382189,10880
Alajuela,Orotina,El Mastate,229.4736842,2180
Alajuela,Orotina,Hacienda Vieja,69.1306919,1169
Alajuela,Orotina,Coyolar,207.8125,7581
Alajuela,Orotina,La Ceiba,39.68018464,2407
Alajuela,San Carlos,Quesada,327.3975467,46975
Alajuela,San Carlos,Florencia,98.10177301,19587
Alajuela,San Carlos,Buenavista,19.90758568,517
Alajuela,San Carlos,Aguas Zarcas,143.0479268,26564
Alajuela,San Carlos,Venecia,88.24417113,11695
Alajuela,San Carlos,Pital,53.4157724,20259
Alajuela,San Carlos,La Fortuna,70.34278496,16150
Alajuela,San Carlos,La Tigra,159.8292119,8984
Alajuela,San Carlos,La Palmera,118.8620965,11929
Alajuela,San Carlos,Venado,11.7382824,1986
Alajuela,San Carlos,Cutris,13.3352962,11323
Alajuela,San Carlos,Monterrey,17.49852668,3860
Alajuela,San Carlos,Pocosol,28.63480144,18913
Alajuela,Zarcero,Zarcero,401.9442096,4755
Alajuela,Zarcero,Laguna,87.80068729,2044
Alajuela,Zarcero,Tapezco,261.971831,1674
Alajuela,Zarcero,Guadalupe,65.19043401,1472
Alajuela,Zarcero,Palmira,51.64656016,1584
Alajuela,Zarcero,Zapote,22.83288651,1022
Alajuela,Zarcero,Brisas,145.7703081,2602
Alajuela,Sarchí,Sarchí Norte,392.9044465,8306
Alajuela,Sarchí,Sarchí Sur,907.2440945,5761
Alajuela,Sarchí,Toro Amarillo,3.818720509,348
Alajuela,Sarchí,San Pedro,380.4967801,4136
Alajuela,Sarchí,Rodríguez,413.5989011,3011
Alajuela,Upala,Upala,95.21695257,14154
Alajuela,Upala,Aguas Claras,13.82483967,5648
Alajuela,Upala,San José o Pizote,38.86767333,11094
Alajuela,Upala,Bijagua,29.31477516,5476
Alajuela,Upala,Delicias,71.77222899,7071
Alajuela,Upala,Dos Ríos,21.47985549,4697
Alajuela,Upala,Yolillal,29.68772382,4145
Alajuela,Upala,Canalete,47.68435885,5076
Alajuela,Los Chiles,Los Chiles,40.79825258,20546
Alajuela,Los Chiles,Caño Negro,7.770438477,2341
Alajuela,Los Chiles,El Amparo,25.05992521,7841
Alajuela,Los Chiles,San Jorge,18.48336823,3973
Alajuela,Guatuso,San Rafael,28.71147077,8728
Alajuela,Guatuso,Buenavista,13.24406735,1998
Alajuela,Guatuso,Cote,5.89933544,1083
Alajuela,Guatuso,Katira,56.87937063,6507
Alajuela,Río Cuarto,Río Cuarto,46.732227,4562
Alajuela,Río Cuarto,Santa Rita,108.8550479,5790
Alajuela,Río Cuarto,Santa Isabel,39.06234989,4066
Cartago,Cartago,Oriental,5430.882353,11079
Cartago,Cartago,Occidental,5310.447761,10674
Cartago,Cartago,Carmen,4449.191686,19265
Cartago,Cartago,San Nicolás,976.5309613,28544
Cartago,Cartago,Aguacaliente o San Francisco,325.9218215,32351
Cartago,Cartago,Guadalupe o Arenilla,1077.659574,14182
Cartago,Cartago,Corralillo,402.3554604,13153
Cartago,Cartago,Tierra Blanca,362.109375,4635
Cartago,Cartago,Dulce Nombre,492.2413793,16559
Cartago,Cartago,Llano Grande,160.0988468,4859
Cartago,Cartago,Quebradilla,528.2506527,10116
Cartago,Paraíso,Paraíso,930.9900626,25295
Cartago,Paraíso,Santiago,260.6084243,6682
Cartago,Paraíso,Orosi,24.80480161,9340
Cartago,Paraíso,Cachí,167.988324,6906
Cartago,Paraíso,Llanos de Santa Lucía,2709.174312,17718
Cartago,La Unión,Tres Ríos,3280.701754,7480
Cartago,La Unión,San Diego,2811.138614,22714
Cartago,La Unión,San Juan,3533.164557,13956
Cartago,La Unión,San Rafael,1494.842105,14201
Cartago,La Unión,Concepción,4684.69657,17755
Cartago,La Unión,Dulce Nombre,868.8861985,7177
Cartago,La Unión,San Ramón,1336.887608,4639
Cartago,La Unión,Río Azul,2395.257732,11617
Cartago,Jiménez,Juan Viñas,194.4431635,8433
Cartago,Jiménez,Tucurrique,167.0149254,5595
Cartago,Jiménez,Pejibaye,27.03233256,4682
Cartago,Turrialba,Turrialba,523.0443228,29620
Cartago,Turrialba,La Suiza,54.81265146,8821
Cartago,Turrialba,Peralta,77.50257998,751
Cartago,Turrialba,Santa Cruz,37.14594428,4813
Cartago,Turrialba,Santa Teresita,101.7791819,6121
Cartago,Turrialba,Pavones,129.6789536,5453
Cartago,Turrialba,Tuis,82.85714286,3248
Cartago,Turrialba,Tayutic,42.1559449,3152
Cartago,Turrialba,Santa Rosa,319.7099893,5953
Cartago,Turrialba,Tres Equis,64.57374831,2386
Cartago,Turrialba,La Isabel,335.9777665,6649
Cartago,Turrialba,Chirripó,5.418216601,5098
Cartago,Alvarado,Pacayas,211.2424038,6257
Cartago,Alvarado,Cervantes,544.9934124,8273
Cartago,Alvarado,Capellades,75.71968596,2604
Cartago,Oreamuno,San Rafael,2764.980545,28424
Cartago,Oreamuno,Cot,722.6783311,10739
Cartago,Oreamuno,Potrero Cerrado,132.6339039,2402
Cartago,Oreamuno,Cipreses,457.5240128,4287
Cartago,Oreamuno,Santa Rosa,20.35669129,3059
Cartago,El Guarco,El Tejar,4506.862745,27582
Cartago,El Guarco,San Isidro,86.44721234,11660
Cartago,El Guarco,Tobosi,381.10668,7645
Cartago,El Guarco,Patio de Agua,44.60694698,488
Heredia,Heredia,Heredia,5834.265734,16686
Heredia,Heredia,Mercedes,7135.421687,29612
Heredia,Heredia,San Francisco,7439.634146,48804
Heredia,Heredia,Ulloa,3165.817223,36027
Heredia,Heredia,Varablanca,2.990277724,772
Heredia,Barva,Barva,5260.714286,4419
Heredia,Barva,San Pedro,1757.740586,12603
Heredia,Barva,San Pablo,1396.339678,9537
Heredia,Barva,San Roque,4696.875,6012
Heredia,Barva,Santa Lucía,3159.090909,9035
Heredia,Barva,San José de la Montaña,164.4978402,6093
Heredia,Santo Domingo,Santo Domingo,5194.871795,4052
Heredia,Santo Domingo,San Vicente,2455.902778,7073
Heredia,Santo Domingo,San Miguel,1362.372881,8038
Heredia,Santo Domingo,Paracito,2021.259843,2567
Heredia,Santo Domingo,Santo Tomás,2101.694915,7440
Heredia,Santo Domingo,Santa Rosa,1831.147541,7819
Heredia,Santo Domingo,Tures,1258.354756,4895
Heredia,Santo Domingo,Pará,1410.452962,4048
Heredia,Santa Bárbara,Santa Bárbara,4007.8125,5130
Heredia,Santa Bárbara,San Pedro,2014.84375,5158
Heredia,Santa Bárbara,San Juan,1943.526786,8707
Heredia,Santa Bárbara,Jesús,962.2421525,10729
Heredia,Santa Bárbara,Santo Domingo,124.8773122,3308
Heredia,Santa Bárbara,Purabá,993.6482085,6101
Heredia,San Rafael,San Rafael,6752.631579,8981
Heredia,San Rafael,San Josecito,7857.037037,10607
Heredia,San Rafael,Santiago,5126.11465,8048
Heredia,San Rafael,Ángeles,591.1487759,12556
Heredia,San Rafael,Concepción,379.3163891,8656
Heredia,San Isidro,San Isidro,2608.614232,6965
Heredia,San Isidro,San José,696.7458223,7922
Heredia,San Isidro,Concepción,389.9628253,3147
Heredia,San Isidro,San Francisco,1046.491228,4772
Heredia,Belén,San Antonio,3310.11236,11784
Heredia,Belén,La Ribera,1806.103286,7694
Heredia,Belén,La Asunción,938.8157895,4281
Heredia,Flores,San Joaquín,2838.181818,7805
Heredia,Flores,Barrantes,2514.953271,5382
Heredia,Flores,Llorente,4752.150538,8839
Heredia,San Pablo,San Pablo,3302.023609,19581
Heredia,San Pablo,Rincón de Sabanilla,4265.145228,10279
Heredia,Sarapiquí,Puerto Viejo,54.24717633,23246
Heredia,Sarapiquí,La Virgen,25.42056438,13071
Heredia,Sarapiquí,Las Horquetas,49.5049505,27950
Heredia,Sarapiquí,Llanuras del Gaspar,5.070728239,1355
Heredia,Sarapiquí,Cureña,4.141195564,1531
Guanacaste,Liberia,Liberia,117.0864268,65922
Guanacaste,Liberia,Cañas Dulces,18.43391808,4487
Guanacaste,Liberia,Mayorga,10.37317041,2360
Guanacaste,Liberia,Nacascolo,11.93600685,3902
Guanacaste,Liberia,Curubandé,42.53566158,3459
Guanacaste,Nicoya,Nicoya,107.2426447,33316
Guanacaste,Nicoya,Mansión,30.15790714,6398
Guanacaste,Nicoya,San Antonio,23.65537555,8031
Guanacaste,Nicoya,Quebrada Honda,29.89832372,3264
Guanacaste,Nicoya,Sámara,32.33357718,3536
Guanacaste,Nicoya,Nosara,70.42274598,9412
Guanacaste,Nicoya,Belén de Nosarita,18.77793126,2311
Guanacaste,Santa Cruz,Santa Cruz,102.568185,29634
Guanacaste,Santa Cruz,Bolsón,73.66790582,2378
Guanacaste,Santa Cruz,Veintisiete de Abril,30.71947195,9308
Guanacaste,Santa Cruz,Tempate,58.24325292,8136
Guanacaste,Santa Cruz,Cartagena,77.95610425,5683
Guanacaste,Santa Cruz,Cuajiniquil,5.371559633,1171
Guanacaste,Santa Cruz,Diriá,77.74086379,5148
Guanacaste,Santa Cruz,Cabo Velas,51.23473541,3776
Guanacaste,Santa Cruz,Tamarindo,56.56277262,7132
Guanacaste,Bagaces,Bagaces,17.83661579,15858
Guanacaste,Bagaces,La Fortuna,14.13103322,2310
Guanacaste,Bagaces,Mogote,23.85982285,4337
Guanacaste,Bagaces,Río Naranjo,27.60201742,1204
Guanacaste,Carrillo,Filadelfia,69.28297668,8677
Guanacaste,Carrillo,Palmira,215.8614113,6791
Guanacaste,Carrillo,Sardinal,81.09697505,21099
Guanacaste,Carrillo,Belén,64.01669046,11660
Guanacaste,Cañas,Cañas,122.347092,23624
Guanacaste,Cañas,Palmira,8.832034505,1802
Guanacaste,Cañas,San Miguel,22.24059529,2690
Guanacaste,Cañas,Bebedero,47.53703066,2760
Guanacaste,Cañas,Porozal,7.772067442,862
Guanacaste,Abangares,Las Juntas,49.5605789,11335
Guanacaste,Abangares,Sierra,23.99107143,2687
Guanacaste,Abangares,San Juan,15.23215781,1637
Guanacaste,Abangares,Colorado,33.11767085,6552
Guanacaste,Tilarán,Tilarán,65.07081174,9419
Guanacaste,Tilarán,Quebrada Grande,33.17851959,1143
Guanacaste,Tilarán,Tronadora,14.85742871,2079
Guanacaste,Tilarán,Santa Rosa,33.3380242,2369
Guanacaste,Tilarán,Líbano,13.03202551,940
Guanacaste,Tilarán,Tierras Morenas,15.5424868,1295
Guanacaste,Tilarán,Arenal,32.2829228,2346
Guanacaste,Tilarán,Cabeceras,32.22069507,1641
Guanacaste,Nandayure,Carmona,83.3228048,2638
Guanacaste,Nandayure,Santa Rita,34.78007007,1787
Guanacaste,Nandayure,Zapotal,12.67605634,1332
Guanacaste,Nandayure,San Pablo,30.16137295,2355
Guanacaste,Nandayure,Porvenir,19.15317559,769
Guanacaste,Nandayure,Bejuco,11.43282784,2993
Guanacaste,La Cruz,La Cruz,36.11683749,12439
Guanacaste,La Cruz,Santa Cecilia,35.92496415,9269
Guanacaste,La Cruz,La Garita,10.32956582,2824
Guanacaste,La Cruz,Santa Elena,4.507545282,2297
Guanacaste,Hojancha,Hojancha,55.39772727,3900
Guanacaste,Hojancha,Monte Romo,10.15012621,764
Guanacaste,Hojancha,Puerto Carrillo,22.94783401,1764
Guanacaste,Hojancha,Huacas,22.87334594,726
Guanacaste,Hojancha,Matambú,122.847302,1070
Puntarenas,Puntarenas,Puntarenas,195.5039671,6653
Puntarenas,Puntarenas,Pitahaya,26.61798266,2916
Puntarenas,Puntarenas,Chomes,63.92601934,7604
Puntarenas,Puntarenas,Lepanto,28.66536259,12163
Puntarenas,Puntarenas,Paquera,30.73920686,10317
Puntarenas,Puntarenas,Manzanillo,61.81089208,3700
Puntarenas,Puntarenas,Guacimal,11.64955629,1339
Puntarenas,Puntarenas,Barranca,961.8061309,34827
Puntarenas,Puntarenas,Monteverde,100.729381,5386
Puntarenas,Puntarenas,Cóbano,32.85620321,10490
Puntarenas,Puntarenas,Chacarita,3589.634146,17661
Puntarenas,Puntarenas,Chira,43.28891004,1819
Puntarenas,Puntarenas,Acapulco,18.16788387,2015
Puntarenas,Puntarenas,El Roble,3020.554855,23953
Puntarenas,Puntarenas,Arancibia,19.03700401,854
Puntarenas,Esparza,Espíritu Santo,794.7117927,15028
Puntarenas,Esparza,San Juan Grande,296.3121325,5544
Puntarenas,Esparza,Macacona,238.7635511,8149
Puntarenas,Esparza,San Rafael,36.82983683,1264
Puntarenas,Esparza,San Jerónimo,19.08831909,938
Puntarenas,Esparza,Caldera,62.64108352,3885
Puntarenas,Buenos Aires,Buenos Aires,40.76744228,22619
Puntarenas,Buenos Aires,Volcán,22.53881863,4224
Puntarenas,Buenos Aires,Potrero Grande,11.88785524,7450
Puntarenas,Buenos Aires,Boruca,26.63963749,3351
Puntarenas,Buenos Aires,Pilas,13.31117719,1522
Puntarenas,Buenos Aires,Colinas,10.27173913,1323
Puntarenas,Buenos Aires,Chánguena,10.46000586,2856
Puntarenas,Buenos Aires,Biolley,13.87621837,2890
Puntarenas,Buenos Aires,Brunka,26.42120046,4327
Puntarenas,Montes de Oro,Miramar,91.67267484,10172
Puntarenas,Montes de Oro,La Unión,18.89015583,1491
Puntarenas,Montes de Oro,San Isidro,81.99618784,4732
Puntarenas,Osa,Puerto Cortés,40.51367379,9496
Puntarenas,Osa,Palmar,44.73285486,11219
Puntarenas,Osa,Sierpe,4.848781103,3075
Puntarenas,Osa,Bahía Ballena,27.68900398,4384
Puntarenas,Osa,Piedras Blancas,21.7982406,5724
Puntarenas,Osa,Bahía Drake,5.580897531,2190
Puntarenas,Quepos,Quepos,91.21372591,21531
Puntarenas,Quepos,Savegre,24.85794798,5381
Puntarenas,Quepos,Naranjito,52.25481819,5504
Puntarenas,Golfito,Golfito,31.07614498,11060
Puntarenas,Golfito,Puerto Jiménez,14.77450967,10644
Puntarenas,Golfito,Guaycará,46.96997833,15176
Puntarenas,Golfito,Pavón,20.39510925,7206
Puntarenas,Coto Brus,San Vito,170.7199356,12734
Puntarenas,Coto Brus,Sabalito,70.7374505,13218
Puntarenas,Coto Brus,Aguabuena,125.152606,7996
Puntarenas,Coto Brus,Limoncito,35.71659657,4416
Puntarenas,Coto Brus,Pittier,11.72145497,3013
Puntarenas,Coto Brus,Gutiérrez Brown,20.88248877,4974
Puntarenas,Parrita,Parrita,41.52973801,20068
Puntarenas,Corredores,Corredor,68.91210505,18997
Puntarenas,Corredores,La Cuesta,138.1337648,5122
Puntarenas,Corredores,Canoas,118.2756925,14432
Puntarenas,Corredores,Laurel,66.04183214,12472
Puntarenas,Garabito,Jacó,119.0493032,16830
Puntarenas,Garabito,Tárcoles,56.3559322,9842
Limón,Limón,Limón,1208.415005,71514
Limón,Limón,Valle La Estrella,15.43821967,19119
Limón,Limón,Río Blanco,101.6754246,13351
Limón,Limón,Matama,36.6346521,12473
Limón,Pococí,Guápiles,144.30414,31998
Limón,Pococí,Jiménez,117.6476023,12733
Limón,Pococí,Rita,54.22440148,27315
Limón,Pococí,Roxana,123.0311052,20449
Limón,Pococí,Cariari,188.1908173,37832
Limón,Pococí,Colorado,5.420537098,5141
Limón,Pococí,La Colonia,279.7628255,10852
Limón,Siquirres,Siquirres,160.9250312,29644
Limón,Siquirres,Pacuarito,45.72766112,10061
Limón,Siquirres,Florida,29.07359941,2382
Limón,Siquirres,Germania,100.1177856,3400
Limón,Siquirres,El Cairo,64.75317876,6926
Limón,Siquirres,Alegría,186.6491459,7102
Limón,Siquirres,Reventazón,22.36724383,4250
Limón,Talamanca,Bratsi,63.45590268,11476
Limón,Talamanca,Sixaola,82.60457961,13961
Limón,Talamanca,Cahuita,57.5169821,13463
Limón,Talamanca,Telire,4.531087262,10006
Limón,Matina,Matina,31.63181107,11117
Limón,Matina,Batán,99.43301626,21220
Limón,Matina,Carrandi,63.20910772,12992
Limón,Guácimo,Guácimo,97.79257339,21885
Limón,Guácimo,Mercedes,20.27537197,1826
Limón,Guácimo,Pocora,106.8194292,7785
Limón,Guácimo,Río Jiménez,31.11084475,10382
Limón,Guácimo,Duacarí,95.26627219,7728
